emotion,tau,Z,p_raw,share_1990,share_2022,direction,p_bh,sig_fdr
joy,-0.1893939393939394,-1.5339468562327963,0.125042727392621,0.5927434283598667,0.5922354732301446,decreasing,0.125042727392621,False
sadness,0.4318181818181818,3.517231680452977,0.0004360729831272108,0.19585338763420956,0.2231920832276072,increasing,0.0005450912289090135,True
anger,-0.4318181818181818,-3.517231680452977,0.0004360729831272108,0.17289892632358386,0.14975894443034762,decreasing,0.0005450912289090135,True
love,-0.7537878787878788,-6.151281837620405,7.68591966977428e-10,0.025175860792299148,0.016341030195381884,decreasing,3.84295983488714e-09,True
fear,0.44696969696969696,3.6411869819667384,0.00027138394101478865,0.013328396890040726,0.01847246891651865,increasing,0.0005450912289090135,True
