emotion,tau,Z,p_raw,share_1990,share_2022,direction,p_bh,sig_fdr
joy,0.04924242424242424,0.38736031723050407,0.6984894773302324,0.5219054671109465,0.5372739575403874,increasing,0.6984894773302324,False
sadness,0.38636363636363635,3.145365775911693,0.0016587929246177793,0.21094039244724178,0.23400490569229468,increasing,0.0027646548743629658,True
anger,-0.6325757575757576,-5.159639425510314,2.474259045094044e-07,0.2106935702826114,0.18127294256956777,decreasing,6.18564761273511e-07,True
love,-0.7916666666666666,-6.461170091404808,1.0389645662239013e-10,0.03332099222510181,0.02199018861541064,decreasing,5.194822831119506e-10,True
fear,0.3371212121212121,2.742511045991969,0.0060971399177845486,0.02313957793409848,0.025458005582339505,increasing,0.0076214248972306855,True
